ID,BUS_ID,DST_DC,DST_VOLTAGE,LONGITUDE,LATITUDE,SRC_DC,SRC_VOLTAGE,SYMBOL
14153,5837,False,380,18.533936,44.45731,False,220,transformer
14154,5198,False,380,8.85498000000001,44.684277,False,220,transformer
14155,1643,False,380,-5.306396,41.492121,False,220,transformer
14156,6528,False,380,-2.44995100000001,55.973798,False,220,transformer
14157,2056,False,500,44.176025,55.986092,False,220,transformer
14158,1509,False,380,-8.64624000000001,41.253032,False,220,transformer
14159,2338,False,500,50.482178,50.673835,False,220,transformer
14160,167,False,380,14.18335,41.302571,False,220,transformer
14161,870,False,380,11.151123,31.952162,False,220,transformer
14162,1177,False,500,31.59668,30.230595,False,220,transformer
14163,4926,False,380,1.88964799999999,50.909961,False,220,transformer
14164,134,False,380,8.63525400000001,40.647304,False,220,transformer
14165,2657,False,380,8.20678699999999,47.650588,False,220,transformer
14166,1402,False,380,6.635742,33.431441,False,220,transformer
14167,6440,False,380,-2.702637,53.298056,False,220,transformer
14168,5563,False,380,8.85498000000001,46.157005,False,220,transformer
14169,4222,True,,38.485107,48.43649,False,220,ac/dc
14170,1588,False,380,-5.976562,37.588119,False,220,transformer
14171,297,False,380,-0.714111000000002,40.722283,False,220,transformer
14172,6674,False,380,29.750977,46.619261,False,132,transformer
14173,3804,False,380,15.205078,63.238575,False,220,transformer
14174,5424,False,380,19.797363,44.645208,False,220,transformer
14175,973,False,380,36.870117,34.470335,False,220,transformer
14176,1965,False,220,-13.172607,27.186242,False,132,transformer
14177,6283,False,380,-2.779541,42.85986,False,220,transformer
14178,4991,False,380,5.84472700000001,49.37522,False,220,transformer
14179,835,False,500,34.793701,29.602118,False,380,transformer
14180,761,False,220,10.041504,33.916013,False,132,transformer
14181,2214,False,500,62.41333,56.157788,False,220,transformer
14182,1914,False,220,-5.46020499999999,35.56798,False,132,transformer
14183,532,False,380,1.84570299999999,41.533254,False,220,transformer
14184,4437,False,380,14.787598,45.344424,False,220,transformer
14185,1690,False,380,-6.04247999999999,39.622615,False,220,transformer
14186,6410,False,380,-2.94433599999999,53.245495,False,220,transformer
14187,5261,False,380,8.90991200000001,45.73686,False,220,transformer
14188,1361,False,380,7.998047,34.921971,False,220,transformer
14189,5010,False,380,7.470703,48.582058,False,220,transformer
14190,4762,False,380,5.306396,45.844108,False,220,transformer
14191,2411,True,,10.217285,57.130277,False,380,ac/dc
14192,1524,False,380,-6.503906,41.376809,False,220,transformer
14193,1246,False,500,31.68457,28.988922,False,220,transformer
14194,4101,False,300,25.938721,50.778155,False,220,transformer
14195,3109,False,300,6.097412,61.233245,False,132,transformer
14196,4924,False,380,2.28515599999999,49.965356,False,220,transformer
14197,3634,False,500,39.16626,47.606163,False,220,transformer
14198,715,False,380,0.692138999999993,35.451721,False,220,transformer
14199,3464,False,300,39.539795,51.193115,False,220,transformer
14200,1853,False,380,-2.37304699999999,31.681433,False,220,transformer
14201,4117,False,750,24.785156,49.518076,False,300,transformer
14202,3868,True,,14.842529,56.176139,False,380,ac/dc
14203,192,False,380,14.523926,40.971604,False,220,transformer
14204,1986,False,380,-5.95458999999999,34.939985,False,220,transformer
14205,5868,False,500,36.35376,55.856817,False,220,transformer
14206,1868,False,220,-4.14184599999999,34.270836,False,132,transformer
14207,6333,False,380,-2.28515599999999,42.171546,False,220,transformer
14208,6526,False,380,-2.68066399999999,55.899956,False,220,transformer
14209,4362,False,380,5.701904,49.624946,False,220,transformer
14210,855,False,380,12.678223,32.676373,False,220,transformer
14211,489,False,380,34.749756,31.475524,False,132,transformer
14212,3567,False,500,35.013428,56.279961,False,220,transformer
14213,1953,False,380,-8.657227,32.99945,False,220,transformer
14214,183,False,380,15.227051,38.160476,False,220,transformer
14215,6151,False,380,-2.80151400000001,48.429201,False,220,transformer
14216,3241,False,380,15.084229,51.069017,False,220,transformer
14217,5320,False,380,13.238525,46.080852,False,220,transformer
14218,4367,False,380,4.80102499999999,50.099441,False,220,transformer
14219,3862,True,,14.622803,57.797944,False,380,ac/dc
14220,4603,False,380,2.702637,44.824708,False,220,transformer
14221,1052,False,220,35.870361,32.537552,False,132,transformer
14222,1171,False,500,31.26709,29.945415,False,220,transformer
14223,5367,False,380,5.76782200000001,52.656394,False,220,transformer
14224,4654,False,380,4.65820300000001,44.024422,False,220,transformer
14225,3724,False,380,17.545166,64.997939,False,220,transformer
14226,5900,False,220,13.007812,54.990222,False,132,transformer
14227,4262,False,300,35.36499,45.089036,False,220,transformer
14228,4336,False,380,15.688477,48.290503,False,220,transformer
14229,2433,False,380,8.843994,55.491304,False,132,transformer
14230,5471,False,380,15.007324,46.225453,False,220,transformer
14231,3292,False,380,19.281006,50.750359,False,220,transformer
14232,1010,False,380,40.045166,35.245619,False,220,transformer
14233,1040,False,380,35.068359,29.391748,False,132,transformer
14234,5695,False,380,-0.428466999999993,53.807139,False,220,transformer
14235,2052,False,500,49.63623,52.762892,False,220,transformer
14236,2796,False,380,9.12963899999999,48.821333,False,220,transformer
14237,3967,False,380,23.69751,42.779275,False,220,transformer
14238,3451,False,500,34.28833,53.225768,False,220,transformer
14239,6499,False,380,-3.20800799999999,51.138001,False,220,transformer
14240,1877,False,380,-7.40478500000001,33.449777,False,220,transformer
14241,2822,False,380,11.184082,48.078079,False,220,transformer
14242,5187,False,380,8.393555,45.590978,False,220,transformer
14243,3683,False,750,29.179688,59.916483,False,300,transformer
14244,5701,False,380,-1.18652299999999,54.552952,False,220,transformer
14245,3426,False,500,40.155029,46.073231,False,220,transformer
14246,6267,False,380,-3.29589800000001,43.133061,False,220,transformer
14247,4947,False,380,2.823486,50.324423,False,220,transformer
14248,1733,False,380,-5.16357399999999,36.659606,False,220,transformer
14249,5505,False,380,6.547852,46.619261,False,220,transformer
14250,5677,False,380,-0.0219729999999886,51.740636,False,220,transformer
14251,831,False,380,8.756104,36.474307,False,132,transformer
14252,5590,False,380,9.327393,46.694667,False,220,transformer
14253,2283,False,500,64.610596,55.078367,False,220,transformer
14254,4326,False,380,14.381104,48.114767,False,220,transformer
14255,4538,False,380,-0.109863000000011,47.212106,False,220,transformer
14256,2075,False,500,52.756348,56.722594,False,220,transformer
14257,4634,False,380,3.28491200000001,46.24825,False,220,transformer
14258,2010,False,500,45.428467,48.683708,False,220,transformer
14259,5690,False,380,-1.230469,53.742214,False,220,transformer
14260,759,False,380,9.602051,35.826721,False,220,transformer
14261,4504,False,380,-0.494385000000006,44.957024,False,220,transformer
14262,5526,False,380,7.21801800000001,47.010226,False,220,transformer
14263,2042,False,380,45.043945,53.324312,False,220,transformer
14264,5651,False,380,-0.681152000000009,51.310013,False,220,transformer
14265,4515,False,380,1.35131799999999,43.739352,False,220,transformer
14266,6640,False,300,13.765869,66.142743,False,220,transformer
14267,4011,False,380,26.334229,47.702368,False,220,transformer
14268,4486,False,380,0.571288999999998,43.125043,False,220,transformer
14269,1418,False,380,6.49292,35.371135,False,220,transformer
14270,2653,False,380,7.93212900000001,47.598755,False,220,transformer
14271,4821,False,380,2.62573200000001,47.768868,False,220,transformer
14272,3829,False,380,18.237305,59.96051,False,220,transformer
14273,2361,False,380,13.271484,50.268277,False,220,transformer
14274,246,False,380,-0.483397999999997,39.444678,False,220,transformer
14275,4034,False,380,27.861328,45.267155,False,220,transformer
14276,4293,False,380,9.78881800000001,47.137425,False,220,transformer
14277,2825,False,380,11.359863,48.850258,False,220,transformer
14278,5417,False,380,21.983643,43.397065,False,220,transformer
14279,1034,False,380,36.013184,31.222197,False,132,transformer
14280,1866,False,220,-5.66894500000001,32.925707,False,132,transformer
14281,1722,False,380,-6.83349599999999,38.099983,False,220,transformer
14282,40,False,380,34.562988,31.681433,False,132,transformer
14283,3203,False,300,11.12915,61.835413,False,132,transformer
14284,1663,False,380,-2.24121099999999,40.805494,False,220,transformer
14285,3509,False,500,39.660645,59.170298,False,220,transformer
14286,3350,False,380,21.555176,51.624837,False,220,transformer
14287,1862,False,380,-5.657959,35.648369,False,220,transformer
14288,2885,False,380,9.239502,53.904338,False,220,transformer
14289,2028,False,500,48.197021,56.139429,False,220,transformer
14290,6683,False,380,18.874512,43.189158,False,220,transformer
14291,1217,False,500,30.838623,29.954935,False,220,transformer
14292,6646,False,500,61.842041,54.091617,False,220,transformer
14293,6459,False,380,-2.340088,53.527248,False,220,transformer
14294,3885,False,300,25.927734,53.159947,False,220,transformer
14295,3492,False,500,37.452393,55.795105,False,220,transformer
14296,2506,False,380,9.83276399999999,56.878999,False,132,transformer
14297,4249,False,300,34.442139,45.821143,False,220,transformer
14298,6109,False,220,-21.730957,64.387441,False,132,transformer
14299,1516,False,380,-8.393555,41.112469,False,220,transformer
14300,4211,False,500,38.012695,48.57479,False,300,transformer
14301,2358,False,380,16.75415,49.037868,False,220,transformer
14302,798,False,380,9.7229,37.020098,False,132,transformer
14303,5244,False,380,11.217041,43.723475,False,220,transformer
14304,2045,False,500,49.713135,53.448807,False,220,transformer
14305,1607,False,380,-3.98803700000001,37.212832,False,220,transformer
14306,5685,False,380,-1.30737299999999,53.357109,False,220,transformer
14307,4690,False,380,4.66918899999999,45.79817,False,220,transformer
14308,6145,False,380,-1.84570299999999,47.301585,False,220,transformer
14309,886,False,380,23.983154,32.054645,False,132,transformer
14310,6524,False,380,-3.010254,55.788929,False,220,transformer
14311,3358,False,380,19.852295,49.958288,False,220,transformer
14312,5312,False,380,13.469238,42.504503,False,220,transformer
14313,2715,False,380,7.1521,50.785102,False,220,transformer
14314,5169,False,380,7.66845700000001,44.824708,False,220,transformer
14315,4717,False,380,5.33935499999999,43.452919,False,220,transformer
14316,4817,False,380,2.01049800000001,48.056054,False,220,transformer
14317,3413,False,220,39.594727,50.141706,False,132,transformer
14318,1922,False,380,-5.59204100000001,34.098159,False,220,transformer
14319,803,False,220,10.05249,36.465472,False,132,transformer
14320,806,False,220,11.008301,33.468108,False,132,transformer
14321,2449,False,380,10.041504,55.986092,False,132,transformer
14322,5258,False,380,8.613281,45.537137,False,220,transformer
14323,5511,False,380,7.03125,46.331758,False,220,transformer
14324,4662,False,380,4.735107,44.370987,False,220,transformer
14325,6277,False,380,-3.98803700000001,43.117024,False,220,transformer
14326,5276,False,380,10.206299,45.729191,False,220,transformer
14327,1666,False,380,-1.625977,42.008489,False,220,transformer
14328,2526,False,380,11.964111,55.447711,False,132,transformer
14329,4803,False,380,4.954834,48.799627,False,220,transformer
14330,1289,False,500,30.421143,31.372399,False,220,transformer
14331,2503,False,380,10.019531,57.106419,False,132,transformer
14332,1906,False,380,-5.19653299999999,34.597042,False,220,transformer
14333,1295,False,500,28.322754,31.034108,False,220,transformer
14334,2914,False,380,10.305176,52.288323,False,220,transformer
14335,6665,False,750,28.037109,53.729217,False,300,transformer
14336,1096,False,380,36.760254,35.012002,False,220,transformer
14337,4876,False,380,2.922363,48.356249,False,220,transformer
14338,1939,False,220,-6.04247999999999,35.038992,False,132,transformer
14339,1592,False,380,-6.91040000000001,39.732538,False,220,transformer
14340,690,False,380,5.99853499999999,32.008076,False,220,transformer
14341,2492,False,380,12.315674,55.671389,False,220,transformer
14342,4305,False,380,11.843262,47.331377,False,220,transformer
14343,3435,False,500,39.825439,44.770137,False,220,transformer
14344,4392,False,220,18.391113,42.70666,False,132,transformer
14345,2890,False,380,9.44824199999999,53.690201,False,220,transformer
14346,6285,False,380,-2.438965,43.052834,False,220,transformer
14347,4543,False,380,0.329590000000012,47.908978,False,220,transformer
14348,1903,False,220,-3.86718799999999,35.128894,False,132,transformer
14349,2745,False,380,7.470703,51.351201,False,220,transformer
14350,4987,False,380,6.679688,49.131408,False,220,transformer
14351,3881,False,300,24.521484,53.080827,False,220,transformer
14352,3543,False,500,36.936035,55.875311,False,220,transformer
14353,6210,False,380,-8.07495099999999,42.204107,False,220,transformer
14354,4360,False,380,5.438232,50.443513,False,220,transformer
14355,1737,False,380,-3.33984399999999,38.942321,False,220,transformer
14356,2492,False,380,12.315674,55.671389,False,132,transformer
14357,5027,False,380,0.823974999999992,46.362093,False,220,transformer
14358,5280,False,380,10.085449,45.897655,False,220,transformer
14359,1855,False,220,-4.49340799999999,31.970804,False,132,transformer
14360,3139,False,380,8.085938,60.511343,False,300,transformer
14361,2705,False,380,7.31689499999999,51.51558,False,220,transformer
14362,3839,False,380,17.325439,59.717638,False,220,transformer
14363,3980,False,380,28.432617,45.752193,False,132,transformer
14364,5314,False,380,13.40332,43.524655,False,220,transformer
14365,2510,False,380,10.195312,56.273861,False,132,transformer
14366,3031,False,220,9.40429699999999,54.74365,False,132,transformer
14367,735,False,380,14.436035,27.098254,False,220,transformer
14368,5579,False,380,8.81103500000001,47.115,False,220,transformer
14369,5588,False,380,9.25048800000001,46.822617,False,220,transformer
14370,1724,False,380,-4.53735399999999,38.608286,False,220,transformer
14371,4886,False,380,4.119873,48.363549,False,220,transformer
14372,3274,False,380,18.533936,50.134664,False,220,transformer
14373,2953,False,380,11.45874,50.979182,False,220,transformer
14374,5844,False,380,8.272705,47.480088,False,220,transformer
14375,6663,False,220,34.277344,31.278551,False,132,transformer
14376,5469,False,380,15.007324,46.354511,False,220,transformer
14377,4420,False,220,17.666016,43.133061,False,132,transformer
14378,3152,False,380,6.43798799999999,59.667741,False,300,transformer
14379,5635,False,380,0.362549000000006,51.501904,False,220,transformer
14380,4705,False,380,4.76806599999999,46.581518,False,220,transformer
14381,5122,False,380,21.324463,48.092757,False,220,transformer
14382,5236,False,380,10.876465,45.375302,False,220,transformer
14383,1363,False,380,6.25122100000001,34.822823,False,220,transformer
14384,6636,False,380,35.310059,31.886887,False,132,transformer
14385,2622,False,380,8.536377,49.696062,False,220,transformer
14386,3734,False,380,13.458252,63.366908,False,220,transformer
14387,3399,False,300,32.860107,60.239811,False,220,transformer
14388,251,False,380,-0.747069999999996,39.67337,False,220,transformer
14389,2483,False,380,11.887207,55.819802,False,132,transformer
14390,5433,False,380,20.698242,44.777936,False,220,transformer
14391,831,False,380,8.756104,36.474307,False,220,transformer
14392,1598,False,380,-4.647217,36.879621,False,220,transformer
14393,4863,False,380,2.48291,49.030665,False,220,transformer
14394,5002,False,380,7.41577099999999,47.643186,False,220,transformer
14395,2442,False,380,9.503174,55.590763,False,132,transformer
14396,4121,False,300,25.202637,50.715591,False,220,transformer
14397,3859,False,380,18.094482,59.316375,False,220,transformer
14398,5302,False,380,12.612305,42.55308,False,220,transformer
14399,2433,False,380,8.843994,55.491304,False,220,transformer
14400,2447,False,380,10.096436,55.416544,False,132,transformer
14401,2737,False,380,7.998047,51.055207,False,220,transformer
14402,3419,False,500,42.440186,47.41322,False,220,transformer
14403,4244,False,500,38.814697,48.363549,False,220,transformer
14404,5862,False,380,6.70165999999999,49.296472,False,220,transformer
14405,1399,False,380,6.04247999999999,33.26625,False,220,transformer
14406,1572,False,380,-5.44921900000001,36.261992,False,220,transformer
14407,939,False,500,32.937012,23.885838,False,132,transformer
14408,812,False,220,10.074463,37.002553,False,132,transformer
14409,4765,False,380,6.04247999999999,45.460131,False,220,transformer
14410,682,False,380,5.88867200000001,31.625321,False,220,transformer
14411,248,False,380,-0.538330000000004,39.257778,False,220,transformer
14412,4471,False,380,-0.549316000000009,44.559163,False,220,transformer
14413,5659,False,380,-0.428466999999993,51.6998,False,220,transformer
14414,5268,False,380,9.16259800000001,45.621722,False,220,transformer
14415,939,False,500,32.937012,23.885838,False,220,transformer
14416,3685,False,380,17.512207,48.465637,False,220,transformer
14417,2343,False,500,39.188232,52.676382,False,220,transformer
14418,3841,False,380,18.105469,59.170298,False,220,transformer
14419,768,False,220,8.54736300000001,35.85344,False,132,transformer
14420,4393,False,380,18.391113,42.70666,False,132,transformer
14421,3224,False,380,6.15234400000001,60.505935,False,300,transformer
14422,1325,False,380,35.672607,32.063956,False,132,transformer
14423,6417,False,380,-4.460449,55.751849,False,220,transformer
14424,2690,False,380,6.37207,51.220647,False,220,transformer
14425,1809,False,380,-3.41674800000001,39.732538,False,220,transformer
14426,1365,False,380,2.966309,34.052659,False,220,transformer
14427,142,False,380,9.18456999999999,39.376772,False,220,transformer
14428,2039,False,500,47.032471,53.074228,False,220,transformer
14429,1008,False,380,40.100098,35.335293,False,220,transformer
14430,992,False,380,36.77124,33.806538,False,220,transformer
14431,2181,False,500,58.963623,53.917281,False,220,transformer
14432,5184,False,380,7.94311499999999,45.352145,False,220,transformer
14433,2327,False,500,60.985107,56.292157,False,220,transformer
14434,2015,False,500,45.802002,51.76104,False,220,transformer
14435,915,False,220,30.596924,28.314053,False,132,transformer
14436,3995,False,380,21.412354,46.17983,False,220,transformer
14437,3470,False,500,41.594238,52.84923,False,220,transformer
14438,3243,False,380,14.831543,53.330873,False,220,transformer
14439,916,False,500,30.596924,28.314053,False,220,transformer
14440,4619,False,380,1.73584000000001,46.437857,False,220,transformer
14441,5202,False,380,9.810791,44.142798,False,220,transformer
14442,2887,False,380,9.239502,53.041213,False,220,transformer
14443,801,False,380,9.92065400000001,36.677231,False,220,transformer
14444,5116,False,380,6.020508,46.172223,False,220,transformer
14445,1358,False,380,4.53735399999999,36.447799,False,220,transformer
14446,2582,False,380,22.631836,62.789912,False,220,transformer
14447,190,False,380,14.919434,40.663973,False,220,transformer
14448,1656,False,380,-3.625488,41.046217,False,220,transformer
14449,5556,False,380,8.16284199999999,47.435519,False,220,transformer
14450,6429,False,380,-2.076416,51.419764,False,220,transformer
14451,1634,False,380,-6.39404299999999,41.228249,False,220,transformer
14452,718,False,220,22.093506,26.912274,False,132,transformer
14453,324,False,380,0.791015999999999,41.409776,False,220,transformer
14454,4221,False,300,38.485107,48.43649,False,220,transformer
14455,4752,False,380,5.66894500000001,45.120053,False,220,transformer
14456,4212,False,750,38.012695,48.57479,False,500,transformer
14457,1539,False,380,-8.99780299999999,39.368279,False,220,transformer
14458,4615,False,380,2.19726599999999,45.267155,False,220,transformer
14459,2488,False,380,12.568359,55.795105,False,132,transformer
14460,2038,False,380,47.032471,53.074228,False,220,transformer
14461,5429,False,380,19.918213,45.259422,False,220,transformer
14462,4269,False,300,33.563232,44.715514,False,220,transformer
14463,6657,False,380,19.313965,43.309191,False,220,transformer
14464,645,False,380,-0.439452999999998,35.675147,False,220,transformer
14465,126,False,380,23.983154,37.753344,False,132,transformer
14466,885,False,220,23.983154,32.054645,False,132,transformer
14467,5044,False,380,0.472411999999992,49.539469,False,220,transformer
14468,5125,False,380,17.786865,47.650588,False,220,transformer
14469,5904,False,380,7.85522499999999,49.94415,False,220,transformer
14470,5972,False,500,38.95752,51.282535,False,220,transformer
14471,1698,False,380,-2.41699199999999,40.271144,False,220,transformer
14472,6473,False,380,-3.41674800000001,55.72711,False,220,transformer
14473,3460,False,500,39.770508,52.696361,False,220,transformer
14474,801,False,380,9.92065400000001,36.677231,False,132,transformer
14475,815,False,220,9.96460000000001,37.212832,False,132,transformer
14476,2739,False,380,7.92114300000001,50.812877,False,220,transformer
14477,2200,False,500,61.138916,59.678835,False,220,transformer
14478,6245,False,380,-4.42749,42.577355,False,220,transformer
14479,1889,False,500,44.033203,44.902578,False,300,transformer
14480,1710,False,380,-4.108887,39.58029,False,220,transformer
14481,6376,False,380,-3.933105,51.713416,False,220,transformer
14482,5610,False,380,9.26147499999999,47.353711,False,220,transformer
14483,1708,False,380,-4.65820300000001,39.935013,False,220,transformer
14484,6631,False,500,48.438721,52.018698,False,220,transformer
14485,4328,False,380,16.402588,48.319734,False,220,transformer
14486,2185,False,500,55.38208,52.709675,False,220,transformer
14487,2759,False,380,8.28369100000001,52.342052,False,220,transformer
14488,4314,False,380,12.667236,47.346267,False,220,transformer
14489,6631,False,500,48.438721,52.018698,False,380,transformer
14490,4400,False,380,17.830811,43.381098,False,220,transformer
14491,1759,False,380,-6.635742,41.186922,False,220,transformer
14492,2220,False,500,59.205322,51.883273,False,220,transformer
14493,4415,False,380,19.390869,43.723475,False,220,transformer
14494,2510,False,380,10.195312,56.273861,False,220,transformer
14495,2985,False,380,14.249268,53.087426,False,220,transformer
14496,1983,False,380,-8.624268,32.082575,False,220,transformer
14497,2721,False,380,6.855469,51.460852,False,220,transformer
14498,4302,False,380,10.733643,47.26432,False,220,transformer
14499,2403,False,220,9.29443400000001,55.072078,False,132,transformer
14500,3519,False,300,33.914795,62.456487,False,220,transformer
14501,3119,False,380,7.21801800000001,60.951777,False,300,transformer
14502,3458,False,500,37.924805,52.782831,False,220,transformer
14503,2340,False,380,7.163086,46.202646,False,220,transformer
14504,1023,False,380,36.914062,36.049099,False,220,transformer
14505,668,False,380,5.14160200000001,35.380093,False,220,transformer
14506,5175,False,380,7.646484,45.344424,False,220,transformer
14507,3634,False,500,39.16626,47.606163,False,300,transformer
14508,4669,False,380,4.943848,44.972571,False,220,transformer
14509,209,False,380,17.852783,40.655639,False,220,transformer
14510,1966,False,380,-13.172607,27.186242,False,220,transformer
14511,4370,False,380,5.62500000000001,50.04303,False,220,transformer
14512,2765,False,380,8.20678699999999,52.038977,False,220,transformer
14513,826,False,220,9.766846,36.800488,False,132,transformer
14514,4170,False,300,34.694824,50.875311,False,132,transformer
14515,3347,False,380,18.215332,52.348763,False,220,transformer
14516,4844,False,380,1.098633,49.518076,False,220,transformer
14517,2701,False,380,6.61376999999999,51.631657,False,220,transformer
14518,2071,False,500,49.361572,58.739706,False,220,transformer
14519,2192,False,500,60.325928,57.645401,False,220,transformer
14520,2763,False,380,7.70141600000001,52.247983,False,220,transformer
14521,1236,False,500,30.355225,29.621221,False,220,transformer
14522,947,False,500,32.596436,29.916852,False,220,transformer
14523,159,False,380,12.524414,41.705729,False,220,transformer
14524,2364,False,380,13.282471,49.61071,False,220,transformer
14525,3452,False,750,34.28833,53.225768,False,500,transformer
14526,3541,False,750,37.254639,55.986092,False,500,transformer
14527,254,False,380,-0.230713000000006,40.128491,False,220,transformer
14528,851,False,380,14.238281,32.519026,False,220,transformer
14529,643,False,380,-0.90087900000001,35.092945,False,220,transformer
14530,4896,False,380,2.702637,48.879167,False,220,transformer
14531,3475,False,500,41.077881,57.692406,False,220,transformer
14532,3077,False,750,26.444092,55.565922,False,132,transformer
14533,528,False,380,1.38427700000001,41.319076,False,220,transformer
14534,6603,False,380,19.248047,69.182089,False,132,transformer
14535,5602,False,380,8.613281,47.428087,False,220,transformer
14536,5317,False,380,14.029541,42.407235,False,220,transformer
14537,1048,False,380,36.079102,31.896214,False,132,transformer
14538,6168,False,380,-1.461182,43.34915,False,220,transformer
14539,2030,False,500,47.054443,56.157788,False,220,transformer
14540,4283,False,300,27.322998,48.603858,False,132,transformer
14541,3416,False,750,37.562256,50.916887,False,500,transformer
14542,3462,False,500,42.626953,50.687758,False,220,transformer
14543,6355,False,380,-2.10937499999999,43.237199,False,220,transformer
14544,602,False,380,8.23974600000001,36.712467,False,220,transformer
14545,2023,False,500,49.394531,55.992237,False,220,transformer
14546,3454,False,500,37.749023,51.385495,False,300,transformer
14547,2939,False,380,10.755615,53.871963,False,220,transformer
14548,6373,False,380,-1.86767600000001,55.002826,False,220,transformer
14549,5976,False,500,39.79248,43.739352,False,220,transformer
14550,2922,False,380,9.97558599999999,53.722717,False,220,transformer
14551,6678,True,,44.824219,48.785152,False,500,ac/dc
14552,4836,False,380,0.867919999999991,49.317961,False,220,transformer
14553,3473,False,750,40.166016,56.218923,False,220,transformer
14554,2688,False,380,6.679688,50.993014,False,220,transformer
14555,4709,False,380,5.85571300000001,43.683764,False,220,transformer
14556,6581,False,380,-8.21777299999999,43.253205,False,220,transformer
14557,2711,False,380,6.92138699999999,50.771208,False,220,transformer
14558,4912,False,380,4.22973599999999,49.224773,False,220,transformer
14559,317,False,380,-1.19751,37.918201,False,220,transformer
14560,4930,False,380,1.83471699999999,50.903033,False,220,transformer
14561,4086,False,380,24.521484,49.260635,False,220,transformer
14562,1585,False,380,-6.84448199999999,38.23818,False,220,transformer
14563,2206,False,500,54.997559,54.335744,False,220,transformer
14564,5247,False,380,11.282959,44.496505,False,220,transformer
14565,3473,False,750,40.166016,56.218923,False,500,transformer
14566,6645,False,220,61.842041,54.091617,False,132,transformer
14567,722,False,380,20.269775,30.902225,False,220,transformer
14568,3257,False,380,16.864014,53.166534,False,220,transformer
14569,4770,False,380,6.591797,45.18978,False,220,transformer
14570,2663,False,380,6.943359,49.389524,False,220,transformer
14571,959,False,220,31.168213,27.264396,False,132,transformer
14572,4254,False,300,33.596191,46.860191,False,220,transformer
14573,3671,False,500,39.287109,44.182204,False,220,transformer
14574,3338,False,380,19.324951,50.085344,False,220,transformer
14575,610,False,380,7.437744,35.648369,False,220,transformer
14576,1896,False,220,-7.97607400000001,31.718822,False,132,transformer
14577,778,False,220,10.601807,36.447799,False,132,transformer
14578,3401,False,300,33.618164,59.62888,False,220,transformer
14579,1268,False,500,31.135254,30.902225,False,220,transformer
14580,3312,False,750,21.96167,50.141706,False,380,transformer
14581,933,False,500,32.299805,25.99755,False,132,transformer
14582,6544,True,,-5.73486299999999,54.813348,False,220,ac/dc
14583,6553,False,380,-3.273926,47.931066,False,220,transformer
14584,1735,False,380,-6.73461900000001,39.044786,False,220,transformer
14585,6230,False,380,-6.78955099999999,42.561173,False,220,transformer
14586,3836,False,380,17.764893,59.220934,False,220,transformer
14587,2669,False,380,7.58056600000001,50.324423,False,220,transformer
14588,3290,False,380,19.379883,51.330612,False,220,transformer
14589,2869,False,380,8.42651399999999,51.896834,False,220,transformer
14590,277,False,220,3.19702100000001,39.588757,False,132,transformer
14591,4637,False,380,3.39477499999999,46.942762,False,220,transformer
14592,79,False,220,33.376465,34.759666,False,132,transformer
14593,2020,False,500,44.176025,56.267761,False,220,transformer
14594,5834,False,380,9.492188,46.581518,False,220,transformer
14595,2681,False,380,6.78955099999999,51.096623,False,220,transformer
14596,3360,False,750,34.892578,57.710017,False,300,transformer
14597,487,False,380,34.958496,32.063956,False,132,transformer
14598,3432,False,500,41.835938,44.684277,False,300,transformer
14599,5462,False,380,14.523926,46.042736,False,220,transformer
14600,2992,False,220,12.271729,54.065836,False,132,transformer
14601,5605,False,380,9.04174799999999,47.219568,False,220,transformer
14602,3190,False,380,10.283203,59.888937,False,300,transformer
14603,4512,False,380,0.944824000000009,44.016521,False,220,transformer
14604,4024,False,750,28.443604,45.236218,False,380,transformer
14605,2971,False,380,13.359375,52.099757,False,220,transformer
14606,904,False,380,9.51416000000001,30.154627,False,220,transformer
14607,1475,False,380,1.52709999999999,36.013561,False,220,transformer
14608,789,False,380,9.854736,33.870416,False,220,transformer
14609,2993,False,380,12.271729,54.065836,False,132,transformer
14610,4092,False,750,25.795898,51.275662,False,300,transformer
14611,2250,False,500,62.138672,54.882927,False,220,transformer
14612,2731,False,380,7.283936,51.406059,False,220,transformer
14613,6237,False,380,-6.52587899999999,42.4802,False,220,transformer
14614,4572,False,380,2.75756800000001,42.698586,False,220,transformer
14615,4134,False,750,28.586426,49.124219,False,300,transformer
14616,3876,False,300,24.169922,52.072754,False,220,transformer
14617,2867,False,380,8.756104,52.011937,False,220,transformer
14618,6179,False,380,-9.415283,52.656394,False,220,transformer
14619,3661,False,750,30.27832,59.584414,False,300,transformer
14620,204,False,380,17.20459,40.505446,False,220,transformer
14621,6288,False,380,-2.88940400000001,43.325178,False,220,transformer
14622,3878,False,300,26.290283,52.086257,False,220,transformer
14623,2370,False,380,13.897705,50.34546,False,220,transformer
14624,1496,False,380,-7.40478500000001,39.83385,False,220,transformer
14625,6678,True,,44.824219,48.785152,False,220,ac/dc
14626,740,False,380,14.611816,28.998532,False,220,transformer
14627,5856,False,380,7.45971699999999,48.327039,False,220,transformer
14628,942,False,220,32.728271,26.115986,False,132,transformer
14629,2872,False,380,8.613281,52.025459,False,220,transformer
14630,4985,False,380,6.25122100000001,49.181703,False,220,transformer
14631,612,False,380,6.95434600000001,36.721274,False,220,transformer
14632,6134,False,380,-4.09789999999999,48.458352,False,220,transformer
14633,3711,False,380,21.203613,48.980217,False,220,transformer
14634,2525,False,220,11.964111,55.447711,False,132,transformer
14635,6667,False,380,6.932373,53.324312,False,220,transformer
14636,6248,False,380,-4.93286099999999,42.843751,False,220,transformer
14637,887,False,500,23.983154,32.054645,False,380,transformer
14638,742,False,380,14.051514,31.484893,False,220,transformer
14639,4086,False,380,24.521484,49.260635,False,300,transformer
14640,2432,False,220,8.843994,55.491304,False,132,transformer
14641,600,False,380,5.28442399999999,35.85344,False,220,transformer
14642,1298,False,500,31.14624,31.512996,False,220,transformer
14643,1932,False,220,-8.97583,32.268555,False,132,transformer
14644,2437,False,380,9.228516,55.936895,False,132,transformer
14645,5228,False,380,11.019287,43.810747,False,220,transformer
14646,2567,False,380,27.026367,66.328685,False,220,transformer
14647,6641,False,380,13.765869,66.142743,False,220,transformer
14648,3107,False,380,8.481445,62.679186,False,300,transformer
14649,625,False,380,36.112061,33.541395,False,220,transformer
14650,887,False,500,23.983154,32.054645,False,132,transformer
14651,2054,False,500,52.800293,54.463653,False,220,transformer
14652,3790,False,380,16.918945,63.548552,False,220,transformer
14653,5340,False,380,13.326416,45.874712,False,220,transformer
14654,2383,False,380,15.281982,50.597186,False,220,transformer
14655,3693,False,380,17.633057,48.305121,False,220,transformer
14656,3388,False,300,34.628906,64.965416,False,220,transformer
14657,830,False,220,8.756104,36.474307,False,132,transformer
14658,4742,False,380,7.05322299999999,43.786958,False,220,transformer
14659,2729,False,380,7.1521,51.344339,False,220,transformer
14660,5208,False,380,9.36035199999999,45.406164,False,220,transformer
14661,820,False,380,10.931396,37.028869,False,132,transformer
14662,4905,False,380,2.966309,49.674738,False,220,transformer
14663,1000,False,380,36.551514,33.614619,False,220,transformer
14664,3505,False,500,36.826172,56.577641,False,220,transformer
14665,2526,False,380,11.964111,55.447711,False,220,transformer
14666,5077,False,380,6.69067400000001,43.612217,False,220,transformer
14667,2043,False,500,45.043945,53.324312,False,380,transformer
14668,4826,False,380,2.27417000000001,48.632909,False,220,transformer
14669,1238,False,500,32.036133,30.164126,False,220,transformer
14670,1981,False,220,-9.75585899999999,31.512996,False,132,transformer
14671,730,False,380,21.610107,27.595935,False,220,transformer
14672,5552,False,380,8.33862299999999,47.301585,False,220,transformer
14673,6329,False,380,-6.756592,42.642041,False,220,transformer
14674,1836,False,380,-9.25048800000001,32.240683,False,132,transformer
14675,6215,False,380,-8.33862299999999,43.165123,False,220,transformer
14676,506,False,380,-0.230713000000006,39.75788,False,220,transformer
14677,497,False,380,-1.329346,39.470125,False,220,transformer
14678,1409,False,380,5.08667,34.849875,False,220,transformer
14679,3415,False,500,37.562256,50.916887,False,300,transformer
14680,1851,False,380,-2.19726599999999,31.428663,False,220,transformer
14681,2236,False,500,59.820557,56.577641,False,220,transformer
14682,2462,False,380,11.085205,55.658996,False,132,transformer
14683,3376,False,500,36.309814,54.876607,False,220,transformer
14684,2551,False,300,24.499512,59.159036,False,220,transformer
14685,4680,False,380,4.49340799999999,46.672056,False,220,transformer
14686,1750,False,380,-2.76855499999999,37.028869,False,220,transformer
14687,4032,False,380,28.048096,45.352145,False,220,transformer
14688,2856,False,380,8.97583,50.092393,False,220,transformer
14689,2375,False,380,14.831543,50.085344,False,220,transformer
14690,3057,False,300,26.553955,55.875311,False,132,transformer
14691,1511,False,380,-8.63525400000001,40.75558,False,220,transformer
14692,4312,False,380,14.512939,46.566414,False,220,transformer
14693,3000,False,380,13.601074,54.110943,False,220,transformer
14694,2520,False,380,10.513916,55.372868,False,132,transformer
14695,6321,False,380,-3.20800799999999,42.787339,False,220,transformer
14696,5036,False,380,4.603271,43.850374,False,220,transformer
14697,3477,False,500,37.617188,59.293942,False,220,transformer
14698,4434,False,380,16.45752,43.707594,False,220,transformer
14699,6449,False,380,-1.94458,52.22107,False,220,transformer
14700,3950,False,380,26.004639,42.195969,False,220,transformer
14701,6446,False,380,-2.384033,53.422628,False,220,transformer
14702,2843,False,380,8.50341800000001,49.432413,False,220,transformer
14703,5546,False,380,7.965088,47.494937,False,220,transformer
14704,1560,False,380,-6.84448199999999,41.244772,False,220,transformer
14705,3505,False,500,36.826172,56.577641,False,300,transformer
14706,2050,False,500,49.801025,53.768196,False,220,transformer
14707,3100,False,380,10.458984,63.278123,False,300,transformer
14708,162,False,380,12.513428,41.877741,False,220,transformer
14709,230,False,380,-0.802002000000004,37.605528,False,220,transformer
14710,3504,False,300,36.826172,56.577641,False,220,transformer
14711,4222,True,,38.485107,48.43649,False,300,ac/dc
14712,3928,False,380,26.05957,42.415346,False,220,transformer
14713,89,False,380,20.181885,41.054502,False,220,transformer
14714,509,False,380,2.27417000000001,41.607228,False,220,transformer
14715,4206,False,300,37.584229,48.843028,False,220,transformer
14716,5049,False,380,2.54882799999999,48.922499,False,220,transformer
14717,4861,False,380,1.955566,49.28214,False,220,transformer
14718,2875,False,380,8.95385700000001,51.98488,False,220,transformer
14719,6121,False,220,-19.248047,64.177679,False,132,transformer
14720,4951,False,380,3.35082999999999,50.317408,False,220,transformer
14721,4230,False,750,37.55127,47.309034,False,300,transformer
14722,730,False,380,21.610107,27.595935,False,132,transformer
14723,2761,False,380,7.67944299999999,51.978113,False,220,transformer
14724,6454,False,380,-1.86767600000001,52.536273,False,220,transformer
14725,2703,False,380,7.83325200000001,51.713416,False,220,transformer
14726,2048,False,500,50.537109,53.402982,False,220,transformer
14727,2655,False,380,8.15185500000001,47.709762,False,220,transformer
14728,4587,False,380,1.69189500000001,43.540585,False,220,transformer
14729,2644,False,380,6.74560499999999,49.460984,False,220,transformer
14730,3154,False,380,6.49292,59.461826,False,300,transformer
14731,661,False,380,4.48242200000001,35.701917,False,220,transformer
14732,2660,False,380,7.70141600000001,49.403825,False,220,transformer
14733,2983,False,380,13.897705,52.469397,False,220,transformer
14734,1566,False,380,-7.54760699999999,41.664705,False,220,transformer
14735,4795,False,380,6.317139,46.126556,False,220,transformer
14736,4953,False,380,3.087158,50.50644,False,220,transformer
14737,4178,False,300,30.695801,51.399206,False,132,transformer
14738,729,False,220,21.610107,27.595935,False,132,transformer
14739,3382,False,300,35.727539,52.241256,False,220,transformer
14740,3235,False,380,16.369629,50.812877,False,220,transformer
14741,2480,False,380,12.23877,55.764213,False,132,transformer
14742,5070,False,380,5.789795,46.065608,False,220,transformer
14743,4824,False,380,2.39502000000001,48.487486,False,220,transformer
14744,3363,False,500,37.913818,54.819679,False,220,transformer
14745,953,False,220,32.651367,26.342653,False,132,transformer
14746,5151,False,380,21.016846,47.916342,False,220,transformer
14747,4963,False,380,2.90039099999999,50.63901,False,220,transformer
14748,1580,False,380,-5.614014,37.134045,False,220,transformer
14749,5879,False,380,20.533447,52.261434,False,220,transformer
14750,1660,False,380,-2.076416,39.495563,False,220,transformer
14751,4104,False,380,22.785645,48.429201,False,220,transformer
14752,4058,False,380,22.994385,45.836454,False,220,transformer
14753,1061,False,380,35.958252,32.03602,False,132,transformer
14754,1518,False,380,-8.23974600000001,41.021355,False,220,transformer
14755,2196,False,500,56.645508,58.779591,False,220,transformer
14756,4629,False,380,3.26293899999999,45.79817,False,220,transformer
14757,4529,False,380,-1.19751,48.538432,False,220,transformer
14758,2388,False,380,17.53418,49.453843,False,220,transformer
14759,36,False,380,34.760742,31.147006,False,132,transformer
14760,2815,False,380,10.777588,48.312428,False,220,transformer
14761,3456,False,300,37.496338,51.419764,False,220,transformer
14762,6630,False,380,48.438721,52.018698,False,220,transformer
14763,6659,False,500,33.145752,53.975474,False,300,transformer
14764,834,False,380,34.793701,29.602118,False,220,transformer
14765,4147,False,300,31.618652,47.122476,False,220,transformer
14766,3426,False,500,40.155029,46.073231,False,300,transformer
14767,5098,False,380,1.86767600000001,48.741701,False,220,transformer
14768,25,False,380,35.046387,32.500496,False,132,transformer
14769,233,False,380,-0.703124999999998,38.771216,False,220,transformer
14770,1918,False,380,-5.46020499999999,35.808904,False,132,transformer
14771,6382,False,380,-3.273926,51.645294,False,220,transformer
14772,1946,False,220,-6.55883800000001,34.288992,False,132,transformer
14773,6669,False,750,31.530762,48.356249,False,300,transformer
14774,1424,False,380,7.470703,36.923548,False,220,transformer
14775,789,False,380,9.854736,33.870416,False,132,transformer
14776,3903,False,750,28.201904,53.140181,False,300,transformer
14777,2073,False,500,54.162598,56.752723,False,220,transformer
14778,3452,False,750,34.28833,53.225768,False,220,transformer
14779,4176,False,750,26.400146,50.289339,False,300,transformer
14780,5191,False,380,8.360596,46.369674,False,220,transformer
15153,5204,False,380,9.942627,44.111254,False,220,transformer
15154,6252,False,380,-5.91064499999999,43.181147,False,220,transformer
15155,2604,False,380,23.148193,63.840668,False,220,transformer
15156,6434,False,380,-2.26318400000001,52.462704,False,220,transformer
14781,1966,False,380,-13.172607,27.186242,False,132,transformer
15157,3939,False,380,27.432861,43.405047,False,220,transformer
15158,2183,False,500,59.436035,53.566414,False,220,transformer
15159,2847,False,380,8.800049,49.930008,False,220,transformer
14782,3925,False,300,30.289307,54.001312,False,220,transformer
15160,870,False,380,11.151123,31.952162,False,132,transformer
14783,1576,False,380,-5.46020499999999,36.137875,False,220,transformer
15161,2920,False,380,9.75585899999999,54.303704,False,220,transformer
14784,865,False,380,15.88623,29.113775,False,220,transformer
15162,2949,False,380,12.073975,50.764259,False,220,transformer
14785,696,False,380,6.33911100000001,36.244273,False,220,transformer
15163,1862,False,380,-5.657959,35.648369,False,132,transformer
15164,1308,False,500,33.299561,28.0235,False,220,transformer
14786,5708,False,380,0.274658000000005,51.406059,False,220,transformer
15165,1206,False,500,30.860596,30.600094,False,220,transformer
14787,2774,False,380,8.11889599999999,53.298056,False,220,transformer
14788,4479,False,380,-0.571288999999998,43.34116,False,220,transformer
15166,961,False,220,32.662354,25.730633,False,132,transformer
14789,3408,False,300,39.946289,47.457809,False,220,transformer
15167,2947,False,380,12.030029,49.346599,False,220,transformer
14790,2335,False,500,61.655273,54.495568,False,220,transformer
15168,656,False,380,-0.362549000000006,33.26625,False,220,transformer
14791,4700,False,380,5.00976600000001,45.828799,False,220,transformer
15169,6491,False,380,-1.48315400000001,54.661124,False,220,transformer
14792,5548,False,380,7.89916999999999,47.376035,False,220,transformer
15170,4707,False,380,4.66918899999999,47.323931,False,220,transformer
14793,1676,False,380,-5.71289100000001,36.111253,False,132,transformer
15171,6420,False,380,-4.40551799999999,55.979945,False,220,transformer
14794,3918,False,300,31.190186,52.342052,False,132,transformer
15172,1179,False,500,32.431641,30.059586,False,220,transformer
14795,4123,False,300,24.169922,50.785102,False,220,transformer
15173,4869,False,380,3.72436500000001,47.879513,False,220,transformer
14796,2735,False,380,7.22900399999999,51.536086,False,220,transformer
15174,5500,False,380,9.39331099999999,46.972756,False,220,transformer
14797,1046,False,380,35.881348,31.830899,False,132,transformer
15175,773,False,220,10.678711,35.782171,False,132,transformer
15176,2630,False,380,9.38232400000001,53.826597,False,220,transformer
14798,932,False,220,32.299805,25.99755,False,132,transformer
14799,3423,False,500,41.781006,45.220743,False,300,transformer
14800,257,False,380,-0.461426000000012,41.310824,False,220,transformer
14801,3425,False,300,40.155029,46.073231,False,220,transformer
14802,6692,False,380,35.167236,31.774878,False,132,transformer
14803,2959,False,380,12.700195,51.117317,False,220,transformer
14804,2955,False,380,12.799072,50.847573,False,220,transformer
14805,4212,False,750,38.012695,48.57479,False,300,transformer
15177,3568,False,750,35.013428,56.279961,False,500,transformer
14806,4026,False,380,26.872559,46.263443,False,220,transformer
15178,3807,False,380,14.512939,62.517388,False,220,transformer
14807,2951,False,380,11.722412,50.583237,False,220,transformer
15179,2404,False,380,9.29443400000001,55.072078,False,220,transformer
14808,2810,False,380,10.063477,48.20271,False,220,transformer
15180,5253,False,380,11.876221,45.359865,False,220,transformer
14809,4600,False,380,3.72436500000001,43.659924,False,220,transformer
15181,3488,False,500,38.924561,51.563412,False,220,transformer
14810,2232,False,500,58.754883,56.812908,False,220,transformer
15182,886,False,380,23.983154,32.054645,False,220,transformer
14811,1894,False,220,-8.712158,31.559815,False,132,transformer
15183,6161,False,380,-1.53808599999999,48.092757,False,220,transformer
14812,3192,False,380,9.591064,59.28272,False,300,transformer
15184,2751,False,380,8.06396500000001,51.652111,False,220,transformer
14813,4938,False,380,2.164307,50.923813,False,220,transformer
15185,6423,False,380,-3.94409200000001,55.621793,False,220,transformer
14814,5576,False,380,8.800049,46.399988,False,220,transformer
15186,3537,False,750,36.738281,56.419978,False,500,transformer
14815,4865,False,380,2.27417000000001,49.246293,False,220,transformer
15187,6681,False,750,35.881348,51.68618,False,300,transformer
14816,6300,False,380,-1.74682600000001,42.674359,False,220,transformer
15188,6660,False,750,33.145752,53.975474,False,300,transformer
14817,5656,False,380,-0.703124999999998,51.57707,False,220,transformer
15189,3260,False,380,18.07251,53.199452,False,220,transformer
14818,4272,False,750,29.168701,50.597186,False,300,transformer
14819,1621,False,380,-4.21875000000001,38.091337,False,220,transformer
14820,4320,False,380,13.084717,48.253941,False,220,transformer
15190,6392,False,380,-2.878418,51.597548,False,220,transformer
14821,5567,False,380,8.67919900000001,47.152369,False,220,transformer
15191,2840,False,380,8.536377,49.986552,False,220,transformer
15192,6646,False,500,61.842041,54.091617,False,132,transformer
14822,3502,False,500,39.594727,54.181727,False,220,transformer
15193,2995,False,380,12.205811,53.761702,False,220,transformer
14823,3416,False,750,37.562256,50.916887,False,300,transformer
15194,5132,False,750,19.720459,47.212106,False,380,transformer
14824,1043,False,380,35.518799,31.090574,False,132,transformer
15195,3909,False,300,29.586182,53.054422,False,220,transformer
14825,6478,False,380,-1.42822300000001,52.442618,False,220,transformer
15196,3353,False,380,21.30249,50.436516,False,220,transformer
14826,763,False,380,10.480957,32.971804,False,220,transformer
15197,267,False,380,-0.747069999999996,41.71393,False,220,transformer
14827,2032,False,500,45.032959,55.009126,False,220,transformer
15198,3029,False,380,6.70165999999999,49.823809,False,220,transformer
14828,3983,False,380,22.818604,45.935871,False,220,transformer
15199,3753,False,380,15.227051,59.467408,False,220,transformer
14829,6508,True,,-4.943848,55.072078,False,220,ac/dc
15200,5961,False,380,-0.977783000000002,47.967859,False,220,transformer
14830,3989,False,380,22.005615,45.305803,False,220,transformer
15201,6469,False,380,-2.966309,54.933454,False,220,transformer
14831,6584,False,380,-8.393555,42.171546,False,220,transformer
14832,4080,False,380,22.598877,44.762337,False,220,transformer
14833,4154,False,750,33.980713,48.370848,False,300,transformer
14834,299,False,380,-1.04370099999999,41.186922,False,220,transformer
14835,887,False,500,23.983154,32.054645,False,220,transformer
15202,4195,False,750,35.452881,48.011975,False,300,transformer
14836,5218,False,380,11.90918,42.130821,False,220,transformer
15203,6486,False,380,-1.812744,53.839564,False,220,transformer
15204,4002,False,380,24.202881,45.844108,False,220,transformer
14837,155,False,380,14.161377,40.84706,False,220,transformer
15205,4317,False,380,12.689209,46.800059,False,220,transformer
14838,2422,False,380,8.624268,56.316537,False,132,transformer
15206,3429,False,300,41.209717,44.972571,False,220,transformer
14839,1345,False,380,2.296143,36.332828,False,220,transformer
15207,2974,False,380,13.447266,51.296276,False,220,transformer
14840,1686,False,380,-6.756592,37.134045,False,220,transformer
15208,5572,False,380,8.63525400000001,46.769968,False,220,transformer
14841,6370,False,380,-1.593018,52.742943,False,220,transformer
15209,5419,False,380,20.126953,44.590467,False,220,transformer
14842,3751,False,380,15.183105,59.175928,False,220,transformer
15210,281,False,380,1.87866200000001,41.812267,False,220,transformer
14843,5284,False,380,10.38208,46.172223,False,220,transformer
15211,4415,False,380,19.390869,43.723475,False,132,transformer
14844,3345,False,380,21.621094,53.054422,False,220,transformer
15212,5005,False,380,7.23998999999999,48.056054,False,220,transformer
14845,2647,False,380,6.52587899999999,49.965356,False,220,transformer
14846,1281,False,500,32.651367,28.796546,False,220,transformer
14847,6443,False,380,-2.71362300000001,53.742214,False,220,transformer
14848,5597,False,380,8.59130900000001,47.309034,False,220,transformer
14849,4256,False,750,33.42041,46.619261,False,300,transformer
14850,2980,False,380,13.051758,52.643063,False,220,transformer
14851,998,False,380,38.276367,34.569906,False,220,transformer
14852,283,False,380,2.340088,42.024814,False,220,transformer
14853,3610,False,500,41.868896,44.988113,False,300,transformer
14854,755,False,220,10.250244,36.747688,False,132,transformer
14855,753,False,220,10.184326,36.650793,False,132,transformer
14856,6598,False,220,28.575439,70.162746,False,132,transformer
14857,994,False,380,36.320801,33.26625,False,220,transformer
14858,6522,False,380,-4.52636700000001,55.522412,False,220,transformer
14859,4523,False,380,-0.483397999999997,46.17983,False,220,transformer
14860,4801,False,380,6.591797,47.383474,False,220,transformer
14861,5581,False,380,8.931885,46.987747,False,220,transformer
14862,5310,False,380,13.337402,42.488302,False,220,transformer
14863,3532,False,500,38.364258,59.265881,False,220,transformer
14864,793,False,220,10.546875,35.737595,False,132,transformer
14865,848,False,380,18.544922,30.467614,False,220,transformer
14866,293,False,380,-1.010742,37.596824,False,220,transformer
14867,1882,False,220,-3.95507800000001,34.270836,False,132,transformer
14868,2727,False,380,7.13012700000001,51.412912,False,220,transformer
14869,4957,False,380,3.95507800000001,50.021858,False,220,transformer
14870,5464,False,380,14.139404,45.759859,False,220,transformer
14871,6195,False,380,-8.38256799999999,53.120405,False,220,transformer
14872,916,False,500,30.596924,28.314053,False,132,transformer
14873,873,False,380,13.040771,32.454156,False,220,transformer
14874,800,False,220,9.92065400000001,36.677231,False,132,transformer
14875,3115,False,380,7.338867,61.206798,False,300,transformer
14876,5665,False,380,-0.197754000000012,51.296276,False,220,transformer
14877,3826,True,,18.017578,60.532968,False,380,ac/dc
14878,3933,False,380,24.213867,43.253205,False,220,transformer
14879,2315,False,500,51.855469,56.084298,False,220,transformer
14880,2748,False,380,7.39379900000001,51.426614,False,220,transformer
14881,2491,False,220,12.315674,55.671389,False,132,transformer
14882,2707,False,380,7.13012700000001,51.206883,False,220,transformer
14883,4393,False,380,18.391113,42.70666,False,220,transformer
14884,3545,False,500,37.441406,55.590763,False,220,transformer
14885,1830,False,220,-5.98754899999999,34.660322,False,132,transformer
14886,1912,False,220,-5.19653299999999,34.025348,False,132,transformer
14887,1998,False,500,44.241943,48.936935,False,220,transformer
14888,2189,False,500,56.195068,56.14555,False,220,transformer
14889,5957,False,380,6.141357,46.890232,False,220,transformer
14890,977,False,380,38.562012,35.85344,False,220,transformer
14891,4688,False,380,4.71313499999999,45.467836,False,220,transformer
14892,5514,False,380,7.382812,46.263443,False,220,transformer
14893,4266,False,300,34.07959,45.096791,False,220,transformer
14894,3568,False,750,35.013428,56.279961,False,220,transformer
14895,1175,False,500,30.541992,29.926374,False,220,transformer
14896,2695,False,380,6.580811,51.248163,False,220,transformer
14897,5737,False,300,26.004639,57.920683,False,132,transformer
14898,6620,False,300,30.52002,69.391917,False,132,transformer
14899,6254,False,380,-6.009521,43.548548,False,220,transformer
14900,4726,False,380,6.07543900000001,43.317185,False,220,transformer
14901,2271,False,500,57.854004,51.392351,False,220,transformer
14902,6125,False,220,-15.172119,64.914228,False,132,transformer
14903,6117,False,220,-21.049805,64.081805,False,132,transformer
14904,4894,False,380,2.702637,48.756189,False,220,transformer
14905,4546,False,380,0.241699000000011,47.279229,False,220,transformer
14906,3893,False,300,27.279053,52.207607,False,220,transformer
14907,1472,False,380,2.658691,36.553775,False,220,transformer
14908,1534,False,380,-9.283447,38.80547,False,220,transformer
14909,3394,False,300,34.244385,63.937372,False,220,transformer
14910,1329,False,380,41.143799,36.774092,False,220,transformer
14911,5166,False,380,8.360596,44.300264,False,220,transformer
14912,1479,False,380,2.84545900000001,35.594786,False,220,transformer
14913,1870,False,220,-4.779053,33.988918,False,132,transformer
14914,918,False,380,-9.14062499999999,38.925229,False,220,transformer
14915,260,False,380,0.549316000000009,41.137296,False,220,transformer
14916,1448,False,380,5.28442399999999,36.066862,False,220,transformer
14917,3248,False,380,16.062012,51.44716,False,220,transformer
14918,3230,False,380,14.436035,53.166534,False,220,transformer
14919,3011,False,380,8.624268,50.148746,False,220,transformer
14920,2008,False,500,43.604736,49.908787,False,220,transformer
14921,4276,False,750,30.256348,47.294134,False,300,transformer
14922,1825,False,220,-8.569336,30.571721,False,132,transformer
14923,1119,False,220,11.99707,31.905541,False,132,transformer
14924,2372,False,380,13.875732,50.583237,False,220,transformer
14925,2709,False,380,6.987305,51.048301,False,220,transformer
14926,6281,False,380,-3.20800799999999,43.34915,False,220,transformer
14927,698,False,380,3.65844699999999,36.102376,False,220,transformer
14928,6465,False,380,-2.14233400000001,53.599025,False,220,transformer
14929,174,False,380,14.611816,37.055177,False,220,transformer
14930,3392,False,380,29.003906,60.775255,False,300,transformer
14931,3145,False,380,6.64672900000001,59.461826,False,300,transformer
14932,1646,False,380,-5.14160200000001,41.738528,False,220,transformer
14933,5238,False,380,11.107178,45.104546,False,220,transformer
14934,2627,False,380,9.16259800000001,52.52959,False,220,transformer
14935,4046,False,380,24.697266,44.972571,False,220,transformer
14936,3702,False,380,18.885498,49.023461,False,220,transformer
14937,3764,False,380,17.039795,60.624713,False,220,transformer
14938,3076,False,300,26.444092,55.565922,False,132,transformer
14939,4330,False,380,16.358643,48.129434,False,220,transformer
14940,2767,False,380,7.93212900000001,52.281602,False,220,transformer
14941,3105,False,380,7.03125,62.476801,False,132,transformer
14942,3681,False,300,30.223389,59.850333,False,220,transformer
14943,6223,False,380,-7.36083999999999,42.30169,False,220,transformer
14944,765,False,220,9.61303700000001,34.615127,False,132,transformer
14945,5308,False,380,13.568115,42.843751,False,220,transformer
14946,4127,False,300,24.56543,51.261915,False,220,transformer
14947,1433,False,380,6.39404299999999,36.853252,False,220,transformer
14948,1930,False,380,-9.459229,30.401307,False,220,transformer
14949,3922,False,300,25.125732,52.422523,False,220,transformer
14950,4695,False,380,4.987793,45.629405,False,220,transformer
14951,5408,False,380,20.621338,43.683764,False,220,transformer
14952,4502,False,380,-0.340575999999992,45.02695,False,220,transformer
14953,5194,False,380,8.86596699999999,44.488668,False,220,transformer
14954,6660,False,750,33.145752,53.975474,False,500,transformer
14955,5079,False,380,7.39379900000001,47.894248,False,220,transformer
14956,5683,False,380,-1.362305,53.468431,False,220,transformer
14957,2769,False,380,8.140869,52.254709,False,220,transformer
14958,4449,False,380,16.369629,45.85176,False,220,transformer
14959,3300,False,380,20.324707,50.819818,False,220,transformer
14960,5060,False,380,4.504395,49.866317,False,220,transformer
14961,788,False,220,9.854736,33.870416,False,132,transformer
14962,1963,False,500,44.626465,43.173135,False,300,transformer
14963,945,False,500,25.290527,31.409912,False,220,transformer
14964,4507,False,380,-0.51635699999999,45.213004,False,220,transformer
14965,5431,False,380,20.731201,45.02695,False,220,transformer
14966,1181,False,500,31.168213,28.960089,False,220,transformer
14967,869,False,220,11.151123,31.952162,False,132,transformer
14968,1543,False,380,-8.569336,40.488737,False,220,transformer
14969,1925,False,220,-7.954102,32.203505,False,132,transformer
14970,4414,False,220,19.390869,43.723475,False,132,transformer
14971,1027,False,380,35.947266,35.585852,False,220,transformer
14972,1959,False,220,-11.337891,28.468691,False,132,transformer
14973,4181,False,750,30.06958,51.330612,False,300,transformer
14974,5524,False,380,7.646484,47.077604,False,220,transformer
14975,5249,False,380,11.25,45.437008,False,220,transformer
14976,2619,False,380,6.71264599999999,51.549751,False,220,transformer
14977,2202,False,500,61.369629,54.920828,False,220,transformer
14978,2025,False,500,52.141113,55.435247,False,220,transformer
14979,822,False,220,10.843506,34.921971,False,132,transformer
14980,5337,False,380,13.469238,45.79817,False,220,transformer
14981,2667,False,380,7.382812,50.373496,False,220,transformer
14982,2651,False,380,7.71240200000001,48.100095,False,220,transformer
14983,1143,False,380,35.958252,33.815666,False,220,transformer
14984,6104,False,220,-21.719971,64.086607,False,132,transformer
14985,2039,False,500,47.032471,53.074228,False,380,transformer
14986,2194,False,500,57.260742,58.332567,False,220,transformer
14987,3409,False,500,39.946289,47.457809,False,220,transformer
14988,5149,False,380,18.676758,47.23449,False,220,transformer
14989,3327,False,380,18.775635,53.47497,False,220,transformer
14990,3255,False,380,16.732178,52.321911,False,220,transformer
14991,2580,False,380,24.290771,62.975198,False,220,transformer
14992,5263,False,380,8.89892600000001,45.544831,False,220,transformer
14993,3262,False,380,16.116943,54.13026,False,220,transformer
14994,2277,False,220,59.260254,50.903033,False,132,transformer
14995,5847,False,380,13.029785,48.019324,False,220,transformer
14996,6106,False,220,-21.851807,64.014496,False,132,transformer
14997,4000,False,380,26.103516,44.988113,False,220,transformer
14998,4749,False,380,5.95458999999999,45.383019,False,220,transformer
14999,2574,False,380,26.05957,64.965416,False,220,transformer
15000,2013,False,500,47.757568,52.05249,False,220,transformer
15001,5144,False,220,20.214844,46.202646,False,132,transformer
15002,5394,False,380,6.811523,53.343993,False,220,transformer
15003,6628,False,380,26.345215,42.261049,False,220,transformer
15004,2556,False,300,26.499023,59.445075,False,220,transformer
15005,2697,False,380,6.60278300000001,51.344339,False,220,transformer
15006,2509,False,220,10.195312,56.273861,False,132,transformer
15007,1106,False,500,30.838623,27.313214,False,220,transformer
15008,5554,False,380,8.21777299999999,47.368594,False,220,transformer
15009,1552,False,380,-7.78930700000001,40.946714,False,220,transformer
15010,2404,False,380,9.29443400000001,55.072078,False,132,transformer
15011,530,False,380,1.97753899999999,41.574361,False,220,transformer
15012,5128,False,380,19.248047,47.746711,False,220,transformer
15013,4165,False,750,33.947754,50.875311,False,300,transformer
15014,2457,False,380,9.63501,56.46856,False,132,transformer
15015,1858,False,220,-4.647217,32.759562,False,132,transformer
15016,2401,False,220,9.51416000000001,55.015426,False,132,transformer
15017,6275,False,380,-3.834229,43.277205,False,220,transformer
15018,5039,False,380,0.252685999999995,47.338823,False,220,transformer
15019,3677,False,500,41.660156,43.004647,False,220,transformer
15020,6686,False,220,10.876465,35.585852,False,132,transformer
15021,1861,False,220,-5.657959,35.648369,False,132,transformer
15022,319,False,220,2.53784200000001,39.53794,False,132,transformer
15023,4300,False,380,10.898438,47.23449,False,220,transformer
15024,181,False,380,15.238037,38.08269,False,220,transformer
15025,4051,False,380,23.433838,45.042478,False,220,transformer
15026,1025,False,380,42.121582,36.949892,False,220,transformer
15027,1067,False,380,36.199951,32.203505,False,132,transformer
15028,1884,False,380,-2.37304699999999,34.587997,False,220,transformer
15029,835,False,500,34.793701,29.602118,False,220,transformer
15030,3211,False,380,11.184082,59.316375,False,300,transformer
15031,6689,False,380,25.411377,66.284537,False,220,transformer
15032,5136,False,380,20.291748,47.182246,False,220,transformer
15033,2198,False,500,57.44751,59.372391,False,220,transformer
15034,1670,False,380,-1.52709999999999,41.820455,False,220,transformer
15035,6187,False,380,-6.71264599999999,53.120405,False,220,transformer
15036,1273,False,500,30.882568,28.863918,False,220,transformer
15037,4851,False,380,1.80175799999999,48.908059,False,220,transformer
15038,1520,False,380,-7.88818400000001,41.112469,False,220,transformer
15039,3941,False,380,27.608643,43.325178,False,220,transformer
15040,4112,False,300,23.939209,49.93708,False,220,transformer
15041,5074,False,380,6.51489300000001,43.460894,False,220,transformer
15042,2932,False,380,11.744385,52.227799,False,220,transformer
15043,1741,False,380,-5.51513699999999,37.788081,False,220,transformer
15044,2544,False,380,10.360107,56.26166,False,132,transformer
15045,4859,False,380,2.120361,49.023461,False,220,transformer
15046,780,False,220,10.50293,36.606709,False,132,transformer
15047,938,False,220,32.937012,23.885838,False,132,transformer
15048,4006,False,380,24.44458,46.54375,False,220,transformer
15049,265,False,380,0.241699000000011,41.352072,False,220,transformer
15050,1988,False,380,-1.60400400000001,34.75064,False,220,transformer
15051,3324,False,380,20.55542,53.781181,False,220,transformer
15052,1901,False,220,-9.71191399999999,29.688053,False,132,transformer
15053,4778,False,380,6.39404299999999,45.675482,False,220,transformer
15054,3985,False,380,24.224854,46.505954,False,220,transformer
15055,2929,False,380,10.447998,52.261434,False,220,transformer
15056,1654,False,380,-2.58178700000001,39.825413,False,220,transformer
15057,3957,False,380,24.488525,42.09007,False,220,transformer
15058,5225,False,380,10.327148,43.612217,False,220,transformer
15059,4085,False,300,24.521484,49.260635,False,220,transformer
15060,2034,False,500,43.813477,55.447711,False,220,transformer
15061,3355,False,380,19.14917,50.352471,False,220,transformer
15062,6404,False,380,-3.88916,52.862497,False,220,transformer
15063,4969,False,380,6.273193,48.319734,False,220,transformer
15064,5325,False,380,12.183838,45.367584,False,220,transformer
15065,6340,False,380,-3.50463900000001,43.325178,False,220,transformer
15066,3899,False,300,28.850098,53.343993,False,220,transformer
15067,4550,False,380,-0.164794999999993,49.081062,False,220,transformer
15068,2836,False,380,13.040771,48.676454,False,220,transformer
15069,3472,False,500,40.166016,56.218923,False,220,transformer
15070,4238,False,500,39.506836,48.246626,False,220,transformer
15071,3115,False,380,7.338867,61.206798,False,132,transformer
15072,3494,False,500,37.979736,56.084298,False,220,transformer
15073,2742,False,380,8.05297900000001,50.882243,False,220,transformer
15074,701,False,380,3.52661099999999,36.553775,False,220,transformer
15075,5414,False,380,21.049805,42.585444,False,220,transformer
15076,889,False,380,12.974854,32.824211,False,220,transformer
15077,6634,False,500,39.155273,51.426614,False,220,transformer
15078,4055,False,380,24.488525,44.45731,False,220,transformer
15079,5544,False,380,8.29467799999999,47.144897,False,220,transformer
15080,1015,False,380,38.17749,36.377068,False,220,transformer
15081,3221,False,380,10.843506,59.96051,False,300,transformer
15082,206,False,380,17.731934,40.613952,False,220,transformer
15083,3176,False,380,8.10791000000001,58.245946,False,300,transformer
15084,1005,False,380,37.353516,36.173357,False,220,transformer
15085,4975,False,380,6.08642599999999,48.821333,False,220,transformer
15086,3369,False,300,31.948242,54.788017,False,220,transformer
15087,4075,False,380,23.302002,47.746711,False,220,transformer
15088,2969,False,380,12.381592,52.562995,False,220,transformer
15089,5630,False,380,9.52514600000001,47.41322,False,220,transformer
15090,3786,False,380,16.787109,63.646259,False,220,transformer
15091,94,False,380,19.731445,41.360319,False,220,transformer
15092,6674,False,380,29.750977,46.619261,False,300,transformer
15093,3673,False,220,39.902344,43.564472,False,132,transformer
15094,1293,False,500,29.267578,30.807911,False,220,transformer
15095,5941,False,380,23.642578,43.786958,False,220,transformer
15096,3500,False,500,38.880615,54.361358,False,220,transformer
15097,6641,False,380,13.765869,66.142743,False,300,transformer
15098,4936,False,380,2.15331999999999,50.993014,False,220,transformer
15099,4036,False,380,26.213379,44.386692,False,220,transformer
15100,4611,False,380,2.44995100000001,47.040182,False,220,transformer
15101,776,False,220,10.447998,36.306272,False,132,transformer
15102,4847,False,380,1.75781199999999,48.965794,False,220,transformer
15103,3077,False,750,26.444092,55.565922,False,300,transformer
15104,966,False,380,36.35376,35.746512,False,220,transformer
15105,3633,False,300,39.16626,47.606163,False,220,transformer
15106,4199,False,750,34.573975,47.494937,False,300,transformer
15107,5672,False,380,-0.274658000000005,51.590723,False,220,transformer
15108,5403,False,380,19.6875,44.024422,False,220,transformer
15109,4217,False,300,37.858887,47.953145,False,220,transformer
15110,3612,False,500,38.17749,45.166547,False,220,transformer
15111,3397,False,300,33.903809,61.944118,False,220,transformer
15112,2993,False,380,12.271729,54.065836,False,220,transformer
15113,1320,False,380,-0.0439449999999986,35.701917,False,220,transformer
15114,5427,False,380,19.500732,45.151053,False,220,transformer
15115,3920,False,300,23.686523,53.664171,False,132,transformer
15116,897,False,380,13.370361,32.851903,False,220,transformer
15117,6673,False,300,29.750977,46.619261,False,132,transformer
15118,3533,False,750,38.364258,59.265881,False,220,transformer
15119,6357,False,220,-1.82373,43.357138,False,132,transformer
15120,2801,False,380,9.34936500000001,49.030665,False,220,transformer
15121,2674,False,380,8.32763700000001,49.009051,False,220,transformer
15122,5241,False,380,11.337891,43.675818,False,220,transformer
15123,1464,False,380,2.966309,36.323977,False,220,transformer
15124,4807,False,380,1.955566,47.813155,False,220,transformer
15125,6482,False,380,-1.52709999999999,53.396432,False,220,transformer
15126,4495,False,380,-0.812988000000009,43.977005,False,220,transformer
15127,2212,False,500,55.843506,54.914514,False,220,transformer
15128,5699,False,380,-1.39526399999999,54.826008,False,220,transformer
15129,3114,False,300,7.338867,61.206798,False,132,transformer
15130,3856,True,,17.061768,60.549177,False,380,ac/dc
15131,3533,False,750,38.364258,59.265881,False,500,transformer
15132,3102,False,300,9.93164099999999,63.273182,False,132,transformer
15133,4574,False,380,2.658691,43.277205,False,220,transformer
15134,6456,False,380,-1.71386699999999,52.502848,False,220,transformer
15135,5815,True,132,19.852295,60.130564,False,132,ac/dc
15136,933,False,500,32.299805,25.99755,False,220,transformer
15137,1828,False,380,-6.185303,34.985003,False,132,transformer
15138,6677,False,500,44.824219,48.785152,False,220,transformer
15139,2916,False,380,9.953613,53.813626,False,220,transformer
15140,2788,False,380,8.92089799999999,48.806863,False,220,transformer
15141,3421,False,500,40.144043,47.606163,False,220,transformer
15142,2254,False,220,60.578613,53.153359,False,132,transformer
15143,3310,False,380,21.236572,52.247983,False,220,transformer
15144,3496,False,500,38.232422,55.856817,False,220,transformer
15145,262,False,380,0.505371000000011,40.763901,False,220,transformer
15146,3409,False,500,39.946289,47.457809,False,300,transformer
15147,6078,False,380,-0.78002899999999,47.435519,False,220,transformer
15148,5517,False,380,7.558594,46.339343,False,220,transformer
15149,2000,False,500,44.813232,48.158757,False,220,transformer
15150,709,False,380,3.26293899999999,33.045508,False,220,transformer
15151,2677,False,380,8.349609,50.035974,False,220,transformer
15152,2043,False,500,45.043945,53.324312,False,220,transformer
